{"accuracy": [0.6119354367256165, 0.8653531670570374, 0.916693925857544, 0.9409915208816528, 0.9570239782333374, 0.966356098651886, 0.9717049598693848, 0.9766128659248352, 0.9803257584571838, 0.9817056655883789], "loss": [1.3139450550079346, 0.4236571192741394, 0.25555872917175293, 0.1810486763715744, 0.12869730591773987, 0.10429000854492188, 0.08515944331884384, 0.07336626201868057, 0.06128682941198349, 0.055438920855522156], "val_accuracy": [0.8070794343948364, 0.9103687405586243, 0.9347826242446899, 0.9213521480560303, 0.954643726348877, 0.9550421237945557, 0.9671636819839478, 0.9540177583694458, 0.9591395258903503, 0.9720008969306946], "val_loss": [0.608020007610321, 0.2775832712650299, 0.20130470395088196, 0.2674589455127716, 0.1418599784374237, 0.14548654854297638, 0.10328509658575058, 0.15201745927333832, 0.1463586390018463, 0.08721565455198288]}