{"accuracy": [0.6031438708305359, 0.8608151078224182, 0.9172487258911133, 0.9411764740943909, 0.9568105936050415, 0.9669820070266724, 0.9724304676055908, 0.9775659441947937, 0.9790738821029663, 0.9828295111656189], "loss": [1.3445032835006714, 0.4417274296283722, 0.25774499773979187, 0.1794460564851761, 0.13385839760303497, 0.09986568987369537, 0.08360802382230759, 0.06961174309253693, 0.06276695430278778, 0.052882589399814606], "val_accuracy": [0.8007056713104248, 0.9035966396331787, 0.9472455978393555, 0.9392215013504028, 0.9550421237945557, 0.9557819366455078, 0.9483268857002258, 0.9632938504219055, 0.9606191515922546, 0.9668222069740295], "val_loss": [0.6181845664978027, 0.2978009581565857, 0.16536246240139008, 0.18770436942577362, 0.14057643711566925, 0.13887231051921844, 0.15583091974258423, 0.12317398935556412, 0.140886589884758, 0.11227122694253922]}